sex,studytime,traveltime,freetime
F,2.2788461538461537,1.4086538461538463,3.0096153846153846
M,1.7647058823529411,1.4919786096256684,3.486631016042781
